id,first_name,last_name,email,gender
1,Charissa,Myatt,cmyatt0@seesaa.net,Female
2,Geoff,Gladhill,ggladhill1@homestead.com,Male
3,Mackenzie,Spillane,mspillane2@fema.gov,Male
4,Judah,Oakenfull,joakenfull3@cafepress.com,Male
5,Lulu,Chantrell,lchantrell4@hud.gov,Female
6,Rossy,Zarfati,rzarfati5@com.com,Male
7,Estel,Worsnop,eworsnop6@examiner.com,Female
8,Jorgan,Magner,jmagner7@mozilla.org,Male
9,Clyde,Lattey,clattey8@army.mil,Male
10,Ansley,Guinnane,aguinnane9@ftc.gov,Female
11,Hewe,Wanderschek,hwanderscheka@topsy.com,Male
12,Chris,Thynne,cthynneb@apple.com,Male
13,Rafaelita,Jevon,rjevonc@google.ru,Female
14,Emmit,Gierok,egierokd@mashable.com,Male
15,Kahlil,Benton,kbentone@freewebs.com,Male
16,Marena,Mossom,mmossomf@marriott.com,Female
17,Donnie,Lamberton,dlambertong@1688.com,Male
18,Walton,Hardaker,whardakerh@senate.gov,Male
19,Law,Verbrugge,lverbruggei@ask.com,Male
20,Elnar,Leband,elebandj@webs.com,Male
